acq_id,original_name,canonical_path
ACQ-20211022-XMRI-001,LEONE_1.01.zip,/raw/DICOM/2021/2021-10/ACQ-20211022-XMRI-001/
ACQ-20211022-XMRI-001,LEONE_1.01.zip,/raw/DICOM/2021/2021-10/ACQ-20211022-XMRI-001/
ACQ-20211022-XMRI-002,LEONE_1.02.zip,/raw/DICOM/2021/2021-10/ACQ-20211022-XMRI-002/
ACQ-20211116-XMRI-001,LEONE_1.03.zip,/raw/DICOM/2021/2021-11/ACQ-20211116-XMRI-001/
ACQ-20211102-XMRI-001,LEONE_1.04.zip,/raw/DICOM/2021/2021-11/ACQ-20211102-XMRI-001/
ACQ-20220228-XMRI-001,LEONE_1.05.zip,/raw/DICOM/2022/2022-02/ACQ-20220228-XMRI-001/
ACQ-20220228-XMRI-002,LEONE_1.06.zip,/raw/DICOM/2022/2022-02/ACQ-20220228-XMRI-002/
ACQ-20220131-XMRI-001,LEONE_1.07.zip,/raw/DICOM/2022/2022-01/ACQ-20220131-XMRI-001/
ACQ-20220124-XMRI-001,LEONE_1.08.zip,/raw/DICOM/2022/2022-01/ACQ-20220124-XMRI-001/
ACQ-20220526-XMRI-001,LEONE_1.09.zip,/raw/DICOM/2022/2022-05/ACQ-20220526-XMRI-001/
ACQ-20220609-XMRI-001,LEONE_1.10.zip,/raw/DICOM/2022/2022-06/ACQ-20220609-XMRI-001/
ACQ-20220707-XMRI-001,LEONE_1.12.zip,/raw/DICOM/2022/2022-07/ACQ-20220707-XMRI-001/
ACQ-20220721-XMRI-001,LEONE_1.13.zip,/raw/DICOM/2022/2022-07/ACQ-20220721-XMRI-001/
ACQ-20220915-XMRI-001,LEONE_1.15.zip,/raw/DICOM/2022/2022-09/ACQ-20220915-XMRI-001/
ACQ-20221011-XMRI-001,LEONE_1.16.zip,/raw/DICOM/2022/2022-10/ACQ-20221011-XMRI-001/
ACQ-20220928-XMRI-001,LEONE_1.17.zip,/raw/DICOM/2022/2022-09/ACQ-20220928-XMRI-001/
ACQ-20221110-XMRI-001,LEONE_1.18.zip,/raw/DICOM/2022/2022-11/ACQ-20221110-XMRI-001/
ACQ-20240227-XMRI-001,LEONE_1.21.zip,/raw/DICOM/2024/2024-02/ACQ-20240227-XMRI-001/
ACQ-20240530-XMRI-001,LEONE_1.22.zip,/raw/DICOM/2024/2024-05/ACQ-20240530-XMRI-001/
ACQ-20240718-XMRI-001,LEONE_1.23.zip,/raw/DICOM/2024/2024-07/ACQ-20240718-XMRI-001/
ACQ-20250121-XMRI-001,LEONE_1.24.zip,/raw/DICOM/2025/2025-01/ACQ-20250121-XMRI-001/
ACQ-20230207-XMRI-001,LEONE_2.05.zip,/raw/DICOM/2023/2023-02/ACQ-20230207-XMRI-001/
ACQ-20230314-XMRI-001,LEONE_2.07.zip,/raw/DICOM/2023/2023-03/ACQ-20230314-XMRI-001/
ACQ-20230925-XMRI-001,LEONE_2.10.zip,/raw/DICOM/2023/2023-09/ACQ-20230925-XMRI-001/
ACQ-20231130-XMRI-001,LEONE_2.11.zip,/raw/DICOM/2023/2023-11/ACQ-20231130-XMRI-001/
ACQ-20231212-XMRI-001,LEONE_2.12.zip,/raw/DICOM/2023/2023-12/ACQ-20231212-XMRI-001/
ACQ-20240124-XMRI-001,LEONE_2.14.zip,/raw/DICOM/2024/2024-01/ACQ-20240124-XMRI-001/
ACQ-20240514-XMRI-001,LEONE_2.16.zip,/raw/DICOM/2024/2024-05/ACQ-20240514-XMRI-001/
ACQ-20240520-XMRI-001,LEONE_2.17.zip,/raw/DICOM/2024/2024-05/ACQ-20240520-XMRI-001/
ACQ-20240620-XMRI-001,LEONE_2.18.zip,/raw/DICOM/2024/2024-06/ACQ-20240620-XMRI-001/
ACQ-20240620-XMRI-002,LEONE_2.19.zip,/raw/DICOM/2024/2024-06/ACQ-20240620-XMRI-002/
ACQ-20241217-XMRI-001,LEONE_2.20.zip,/raw/DICOM/2024/2024-12/ACQ-20241217-XMRI-001/
ACQ-20220124-XMRI-002,LEONE_3.02.zip,/raw/DICOM/2022/2022-01/ACQ-20220124-XMRI-002/
ACQ-20220321-XMRI-001,LEONE_3.03.zip,/raw/DICOM/2022/2022-03/ACQ-20220321-XMRI-001/
ACQ-20220518-XMRI-001,LEONE_3.04.zip,/raw/DICOM/2022/2022-05/ACQ-20220518-XMRI-001/
ACQ-20220816-XMRI-001,LEONE_3.05.zip,/raw/DICOM/2022/2022-08/ACQ-20220816-XMRI-001/
ACQ-20230601-XMRI-001,LEONE_3.06.zip,/raw/DICOM/2023/2023-06/ACQ-20230601-XMRI-001/
ACQ-20240403-XMRI-001,LEONE_3.07.zip,/raw/DICOM/2024/2024-04/ACQ-20240403-XMRI-001/
ACQ-20231103-XMRI-001,LEONE_3.08.zip,/raw/DICOM/2023/2023-11/ACQ-20231103-XMRI-001/
ACQ-20231102-XMRI-001,LEONE_3.09.zip,/raw/DICOM/2023/2023-11/ACQ-20231102-XMRI-001/
ACQ-20240424-XMRI-001,LEONE_3.11.zip,/raw/DICOM/2024/2024-04/ACQ-20240424-XMRI-001/
ACQ-20250102-XMRI-001,LEONE_3.12.zip,/raw/DICOM/2025/2025-01/ACQ-20250102-XMRI-001/
ACQ-20250114-XMRI-001,LEONE_3.13.zip,/raw/DICOM/2025/2025-01/ACQ-20250114-XMRI-001/
ACQ-20180425-XMRI-001,HPIC02.rar,/raw/DICOM/2018/2018-04/ACQ-20180425-XMRI-001/
ACQ-20180425-XMRI-001,HPIC02.rar,/raw/DICOM/2018/2018-04/ACQ-20180425-XMRI-001/
ACQ-20180425-XMRI-001,HPIC02.rar,/raw/DICOM/2018/2018-04/ACQ-20180425-XMRI-001/
ACQ-20180612-XMRI-001,HPIC03.rar,/raw/DICOM/2018/2018-06/ACQ-20180612-XMRI-001/
ACQ-20180808-XMRI-001,HPIC04.rar,/raw/DICOM/2018/2018-08/ACQ-20180808-XMRI-001/
ACQ-20260310-XMRI-001,HPIC11.rar,/raw/DICOM/2026/2026-03/ACQ-20260310-XMRI-001/
ACQ-20190123-XMRI-001,HPIC12.rar,/raw/DICOM/2019/2019-01/ACQ-20190123-XMRI-001/
ACQ-20190220-XMRI-001,HPIC14.rar,/raw/DICOM/2019/2019-02/ACQ-20190220-XMRI-001/
ACQ-20190227-XMRI-001,HPIC15.rar,/raw/DICOM/2019/2019-02/ACQ-20190227-XMRI-001/
ACQ-20190314-XMRI-001,HPIC16.rar,/raw/DICOM/2019/2019-03/ACQ-20190314-XMRI-001/
ACQ-20190320-XMRI-001,HPIC17.rar,/raw/DICOM/2019/2019-03/ACQ-20190320-XMRI-001/
ACQ-20190508-XMRI-001,HPIC20.rar,/raw/DICOM/2019/2019-05/ACQ-20190508-XMRI-001/
ACQ-20190529-XMRI-001,HPIC21.rar,/raw/DICOM/2019/2019-05/ACQ-20190529-XMRI-001/
ACQ-20190807-XMRI-001,HPIC23.rar,/raw/DICOM/2019/2019-08/ACQ-20190807-XMRI-001/
ACQ-20191002-XMRI-001,HPIC24.rar,/raw/DICOM/2019/2019-10/ACQ-20191002-XMRI-001/
ACQ-20191023-XMRI-001,HPIC25.zip,/raw/DICOM/2019/2019-10/ACQ-20191023-XMRI-001/
ACQ-20191023-XMRI-002,HPIC26.zip,/raw/DICOM/2019/2019-10/ACQ-20191023-XMRI-002/
ACQ-20191213-XMRI-001,HPIC28.zip,/raw/DICOM/2019/2019-12/ACQ-20191213-XMRI-001/
ACQ-20191218-XMRI-001,HPIC29.rar,/raw/DICOM/2019/2019-12/ACQ-20191218-XMRI-001/
ACQ-20200205-XMRI-001,HPIC31.rar,/raw/DICOM/2020/2020-02/ACQ-20200205-XMRI-001/
ACQ-20200212-XMRI-001,HPIC32.rar,/raw/DICOM/2020/2020-02/ACQ-20200212-XMRI-001/
ACQ-20200219-XMRI-001,HPIC33.rar,/raw/DICOM/2020/2020-02/ACQ-20200219-XMRI-001/
ACQ-20200226-XMRI-001,HPIC34.rar,/raw/DICOM/2020/2020-02/ACQ-20200226-XMRI-001/
ACQ-20200304-XMRI-001,HPIC35.rar,/raw/DICOM/2020/2020-03/ACQ-20200304-XMRI-001/
ACQ-20200702-XMRI-001,HPIC37 S63090.rar,/raw/DICOM/2020/2020-07/ACQ-20200702-XMRI-001/
ACQ-20200723-XMRI-001,HPIC38 S63270.rar,/raw/DICOM/2020/2020-07/ACQ-20200723-XMRI-001/
ACQ-20200902-XMRI-001,HPIC39 S63091.rar,/raw/DICOM/2020/2020-09/ACQ-20200902-XMRI-001/
ACQ-20200903-XMRI-001,HPIC40 S63100.rar,/raw/DICOM/2020/2020-09/ACQ-20200903-XMRI-001/
ACQ-20201029-XMRI-001,HPIC41 S63320.rar,/raw/DICOM/2020/2020-10/ACQ-20201029-XMRI-001/
ACQ-20201221-XMRI-001,HPIC42 S63250.rar,/raw/DICOM/2020/2020-12/ACQ-20201221-XMRI-001/
ACQ-20210203-XMRI-001,HPIC43 S66250.rar,/raw/DICOM/2021/2021-02/ACQ-20210203-XMRI-001/
ACQ-20210311-XMRI-001,HPIC44 S66320.rar,/raw/DICOM/2021/2021-03/ACQ-20210311-XMRI-001/
ACQ-20210422-XMRI-001,HPIC46 S66410.rar,/raw/DICOM/2021/2021-04/ACQ-20210422-XMRI-001/
ACQ-20210429-XMRI-001,HPIC47 S66470.rar,/raw/DICOM/2021/2021-04/ACQ-20210429-XMRI-001/
ACQ-20210601-XMRI-001,HPIC48 S66230.rar,/raw/DICOM/2021/2021-06/ACQ-20210601-XMRI-001/
ACQ-20260506-ZWSI-001,MFB_MBC_0423_ID13B_WGA_10x.czi,/raw/MICROSCOPY/2026/2026-05/ACQ-20260506-ZWSI-001/
ACQ-20260506-ZWSI-002,MFB_MBC_0423_ID14B_WGA_10x.czi,/raw/MICROSCOPY/2026/2026-05/ACQ-20260506-ZWSI-002/
ACQ-20260506-ZWSI-003,MFB_MBC_0423_ID15B_WGA_10x.czi,/raw/MICROSCOPY/2026/2026-05/ACQ-20260506-ZWSI-003/
ACQ-20260506-ZWSI-004,MFB_MBC_0423_ID16B_WGA_10x.czi,/raw/MICROSCOPY/2026/2026-05/ACQ-20260506-ZWSI-004/
ACQ-20260506-ZWSI-005,MFB_MBC_0423_ID29B_WGA_10x.czi,/raw/MICROSCOPY/2026/2026-05/ACQ-20260506-ZWSI-005/
ACQ-20260506-ZWSI-006,MFB_MBC_0423_ID30B_WGA_10x.czi,/raw/MICROSCOPY/2026/2026-05/ACQ-20260506-ZWSI-006/
ACQ-20260506-ZWSI-007,MFB_MBC_0423_ID31B_WGA_10x.czi,/raw/MICROSCOPY/2026/2026-05/ACQ-20260506-ZWSI-007/
ACQ-20260506-ZWSI-008,MFB_MBC_0423_ID32B_WGA_10x.czi,/raw/MICROSCOPY/2026/2026-05/ACQ-20260506-ZWSI-008/
ACQ-20260506-ZWSI-009,MFB_MBC_0424_ID21H_WGA_10x.czi,/raw/MICROSCOPY/2026/2026-05/ACQ-20260506-ZWSI-009/
ACQ-20260506-ZWSI-010,MFB_MBC_0424_ID25H_WGA_10x.czi,/raw/MICROSCOPY/2026/2026-05/ACQ-20260506-ZWSI-010/
ACQ-20260506-ZWSI-011,MFB_MBC_0424_ID29H_WGA_10x.czi,/raw/MICROSCOPY/2026/2026-05/ACQ-20260506-ZWSI-011/
ACQ-20260506-ZWSI-012,MFB_MBC_0424_ID30H_WGA_10x.czi,/raw/MICROSCOPY/2026/2026-05/ACQ-20260506-ZWSI-012/
ACQ-20260506-ZWSI-013,MFB_MBC_0424_ID31H_WGA_10x.czi,/raw/MICROSCOPY/2026/2026-05/ACQ-20260506-ZWSI-013/
ACQ-20260506-ZWSI-014,MFB_MBC_0424_ID37H_WGA_10x.czi,/raw/MICROSCOPY/2026/2026-05/ACQ-20260506-ZWSI-014/
ACQ-20260506-ZWSI-015,MFB_MBC_0424_ID41H_WGA_10x.czi,/raw/MICROSCOPY/2026/2026-05/ACQ-20260506-ZWSI-015/
ACQ-20260506-ZWSI-016,MFB_MBC_0424_ID43H_WGA_10x.czi,/raw/MICROSCOPY/2026/2026-05/ACQ-20260506-ZWSI-016/
ACQ-20260506-ZWSI-017,MFB_MBC_0525_ID25H_WGA_10x.czi,/raw/MICROSCOPY/2026/2026-05/ACQ-20260506-ZWSI-017/
ACQ-20260506-ZWSI-018,MFB_MBC_0525_ID26H_WGA_10x.czi,/raw/MICROSCOPY/2026/2026-05/ACQ-20260506-ZWSI-018/
ACQ-20260506-ZWSI-019,MFB_MBC_0525_ID27H_WGA_10x.czi,/raw/MICROSCOPY/2026/2026-05/ACQ-20260506-ZWSI-019/
ACQ-20260506-ZWSI-020,MFB_MBC_0525_ID31H_WGA_10x.czi,/raw/MICROSCOPY/2026/2026-05/ACQ-20260506-ZWSI-020/
ACQ-20260506-ZWSI-021,MFB_MBC_0525_ID32H_WGA_10x.czi,/raw/MICROSCOPY/2026/2026-05/ACQ-20260506-ZWSI-021/
ACQ-20260506-ZWSI-022,MFB_MBC_0525_ID36H_WGA_10x.czi,/raw/MICROSCOPY/2026/2026-05/ACQ-20260506-ZWSI-022/
ACQ-20260506-ZWSI-023,MFB_MBC_0525_ID38H_WGA_10x.czi,/raw/MICROSCOPY/2026/2026-05/ACQ-20260506-ZWSI-023/
ACQ-20260506-ZWSI-024,MFB_MBC_0525_ID39H_WGA_10x.czi,/raw/MICROSCOPY/2026/2026-05/ACQ-20260506-ZWSI-024/
ACQ-20260506-ZWSI-025,MFB_MBC_0525_ID42H_WGA_10x.czi,/raw/MICROSCOPY/2026/2026-05/ACQ-20260506-ZWSI-025/
ACQ-20260506-ZWSI-026,MFB_MBC_0525_ID44H_WGA_10x.czi,/raw/MICROSCOPY/2026/2026-05/ACQ-20260506-ZWSI-026/
ACQ-20260506-ZWSI-027,MFB_MBC_0525_ID45H_WGA_10x.czi,/raw/MICROSCOPY/2026/2026-05/ACQ-20260506-ZWSI-027/
ACQ-20260506-ZWSI-028,MFB_MBC_0525_ID46H_WGA_10x.czi,/raw/MICROSCOPY/2026/2026-05/ACQ-20260506-ZWSI-028/
ACQ-20250107-CELL-001,HLF_colageno_10x_CS-vacio_1.czi,/raw/MICROSCOPY/2025/2025-01/ACQ-20250107-CELL-001/
ACQ-20250107-CELL-002,HLF_colageno_10x_CS-vacio_10.czi,/raw/MICROSCOPY/2025/2025-01/ACQ-20250107-CELL-002/
ACQ-20250107-CELL-003,HLF_colageno_10x_CS-vacio_2.czi,/raw/MICROSCOPY/2025/2025-01/ACQ-20250107-CELL-003/
ACQ-20250107-CELL-004,HLF_colageno_10x_CS-vacio_3.czi,/raw/MICROSCOPY/2025/2025-01/ACQ-20250107-CELL-004/
ACQ-20250107-CELL-005,HLF_colageno_10x_CS-vacio_4.czi,/raw/MICROSCOPY/2025/2025-01/ACQ-20250107-CELL-005/
ACQ-20250107-CELL-006,HLF_colageno_10x_CS-vacio_5.czi,/raw/MICROSCOPY/2025/2025-01/ACQ-20250107-CELL-006/
ACQ-20250107-CELL-007,HLF_colageno_10x_CS-vacio_6.czi,/raw/MICROSCOPY/2025/2025-01/ACQ-20250107-CELL-007/
ACQ-20250107-CELL-008,HLF_colageno_10x_CS-vacio_7.czi,/raw/MICROSCOPY/2025/2025-01/ACQ-20250107-CELL-008/
ACQ-20250107-CELL-009,HLF_colageno_10x_CS-vacio_8.czi,/raw/MICROSCOPY/2025/2025-01/ACQ-20250107-CELL-009/
ACQ-20250107-CELL-010,HLF_colageno_10x_CS-vacio_9.czi,/raw/MICROSCOPY/2025/2025-01/ACQ-20250107-CELL-010/
ACQ-20250107-CELL-011,HLF_colageno_10x_PF_1.czi,/raw/MICROSCOPY/2025/2025-01/ACQ-20250107-CELL-011/
ACQ-20250107-CELL-012,HLF_colageno_10x_PF_10.czi,/raw/MICROSCOPY/2025/2025-01/ACQ-20250107-CELL-012/
ACQ-20250107-CELL-013,HLF_colageno_10x_PF_2.czi,/raw/MICROSCOPY/2025/2025-01/ACQ-20250107-CELL-013/
ACQ-20250107-CELL-014,HLF_colageno_10x_PF_3.czi,/raw/MICROSCOPY/2025/2025-01/ACQ-20250107-CELL-014/
ACQ-20250107-CELL-015,HLF_colageno_10x_PF_4.czi,/raw/MICROSCOPY/2025/2025-01/ACQ-20250107-CELL-015/
ACQ-20250107-CELL-016,HLF_colageno_10x_PF_5.czi,/raw/MICROSCOPY/2025/2025-01/ACQ-20250107-CELL-016/
ACQ-20250107-CELL-017,HLF_colageno_10x_PF_6.czi,/raw/MICROSCOPY/2025/2025-01/ACQ-20250107-CELL-017/
ACQ-20250107-CELL-018,HLF_colageno_10x_PF_7.czi,/raw/MICROSCOPY/2025/2025-01/ACQ-20250107-CELL-018/
ACQ-20250107-CELL-019,HLF_colageno_10x_PF_8.czi,/raw/MICROSCOPY/2025/2025-01/ACQ-20250107-CELL-019/
ACQ-20250107-CELL-020,HLF_colageno_10x_PF_9.czi,/raw/MICROSCOPY/2025/2025-01/ACQ-20250107-CELL-020/
ACQ-20250107-CELL-021,HLF_colageno_10x_control_1.czi,/raw/MICROSCOPY/2025/2025-01/ACQ-20250107-CELL-021/
ACQ-20250107-CELL-022,HLF_colageno_10x_control_10.czi,/raw/MICROSCOPY/2025/2025-01/ACQ-20250107-CELL-022/
ACQ-20250107-CELL-023,HLF_colageno_10x_control_2.czi,/raw/MICROSCOPY/2025/2025-01/ACQ-20250107-CELL-023/
ACQ-20250107-CELL-024,HLF_colageno_10x_control_3.czi,/raw/MICROSCOPY/2025/2025-01/ACQ-20250107-CELL-024/
ACQ-20250107-CELL-025,HLF_colageno_10x_control_4.czi,/raw/MICROSCOPY/2025/2025-01/ACQ-20250107-CELL-025/
ACQ-20250107-CELL-026,HLF_colageno_10x_control_5.czi,/raw/MICROSCOPY/2025/2025-01/ACQ-20250107-CELL-026/
ACQ-20250107-CELL-027,HLF_colageno_10x_control_6.czi,/raw/MICROSCOPY/2025/2025-01/ACQ-20250107-CELL-027/
ACQ-20250107-CELL-028,HLF_colageno_10x_control_7.czi,/raw/MICROSCOPY/2025/2025-01/ACQ-20250107-CELL-028/
ACQ-20250107-CELL-029,HLF_colageno_10x_control_8.czi,/raw/MICROSCOPY/2025/2025-01/ACQ-20250107-CELL-029/
ACQ-20250107-CELL-030,HLF_colageno_10x_control_9.czi,/raw/MICROSCOPY/2025/2025-01/ACQ-20250107-CELL-030/
ACQ-20250107-CELL-031,HLF_alphasma_10x tiles_CS-miR-ctrl_1.czi,/raw/MICROSCOPY/2025/2025-01/ACQ-20250107-CELL-031/
ACQ-20250107-CELL-032,HLF_alphasma_10x_CC-miR-29a_1.czi,/raw/MICROSCOPY/2025/2025-01/ACQ-20250107-CELL-032/
ACQ-20250107-CELL-033,HLF_alphasma_10x_CC-miR-29a_10.czi,/raw/MICROSCOPY/2025/2025-01/ACQ-20250107-CELL-033/
ACQ-20250107-CELL-034,HLF_alphasma_10x_CC-miR-29a_2.czi,/raw/MICROSCOPY/2025/2025-01/ACQ-20250107-CELL-034/
ACQ-20250107-CELL-035,HLF_alphasma_10x_CC-miR-29a_3.czi,/raw/MICROSCOPY/2025/2025-01/ACQ-20250107-CELL-035/
ACQ-20250107-CELL-036,HLF_alphasma_10x_CC-miR-29a_4.czi,/raw/MICROSCOPY/2025/2025-01/ACQ-20250107-CELL-036/
ACQ-20250107-CELL-037,HLF_alphasma_10x_CC-miR-29a_5.czi,/raw/MICROSCOPY/2025/2025-01/ACQ-20250107-CELL-037/
ACQ-20250107-CELL-038,HLF_alphasma_10x_CC-miR-29a_6.czi,/raw/MICROSCOPY/2025/2025-01/ACQ-20250107-CELL-038/
ACQ-20250107-CELL-039,HLF_alphasma_10x_CC-miR-29a_7.czi,/raw/MICROSCOPY/2025/2025-01/ACQ-20250107-CELL-039/
ACQ-20250107-CELL-040,HLF_alphasma_10x_CC-miR-29a_8.czi,/raw/MICROSCOPY/2025/2025-01/ACQ-20250107-CELL-040/
ACQ-20250107-CELL-041,HLF_alphasma_10x_CC-miR-29a_9.czi,/raw/MICROSCOPY/2025/2025-01/ACQ-20250107-CELL-041/
ACQ-20250107-CELL-042,HLF_alphasma_10x_CS-miR-29a_1.czi,/raw/MICROSCOPY/2025/2025-01/ACQ-20250107-CELL-042/
ACQ-20250107-CELL-043,HLF_alphasma_10x_CS-miR-29a_10.czi,/raw/MICROSCOPY/2025/2025-01/ACQ-20250107-CELL-043/
ACQ-20250107-CELL-044,HLF_alphasma_10x_CS-miR-29a_2.czi,/raw/MICROSCOPY/2025/2025-01/ACQ-20250107-CELL-044/
ACQ-20250107-CELL-045,HLF_alphasma_10x_CS-miR-29a_3.czi,/raw/MICROSCOPY/2025/2025-01/ACQ-20250107-CELL-045/
ACQ-20250107-CELL-046,HLF_alphasma_10x_CS-miR-29a_4.czi,/raw/MICROSCOPY/2025/2025-01/ACQ-20250107-CELL-046/
ACQ-20250107-CELL-047,HLF_alphasma_10x_CS-miR-29a_5.czi,/raw/MICROSCOPY/2025/2025-01/ACQ-20250107-CELL-047/
ACQ-20250107-CELL-048,HLF_alphasma_10x_CS-miR-29a_6.czi,/raw/MICROSCOPY/2025/2025-01/ACQ-20250107-CELL-048/
ACQ-20250107-CELL-049,HLF_alphasma_10x_CS-miR-29a_7.czi,/raw/MICROSCOPY/2025/2025-01/ACQ-20250107-CELL-049/
ACQ-20250107-CELL-050,HLF_alphasma_10x_CS-miR-29a_8.czi,/raw/MICROSCOPY/2025/2025-01/ACQ-20250107-CELL-050/
ACQ-20250107-CELL-051,HLF_alphasma_10x_CS-miR-29a_9.czi,/raw/MICROSCOPY/2025/2025-01/ACQ-20250107-CELL-051/
ACQ-20250107-CELL-052,HLF_alphasma_10x_CS-miR-ctrl_1.czi,/raw/MICROSCOPY/2025/2025-01/ACQ-20250107-CELL-052/
ACQ-20250107-CELL-053,HLF_alphasma_10x_CS-miR-ctrl_10.czi,/raw/MICROSCOPY/2025/2025-01/ACQ-20250107-CELL-053/
ACQ-20250107-CELL-054,HLF_alphasma_10x_CS-miR-ctrl_2.czi,/raw/MICROSCOPY/2025/2025-01/ACQ-20250107-CELL-054/
ACQ-20250107-CELL-055,HLF_alphasma_10x_CS-miR-ctrl_3.czi,/raw/MICROSCOPY/2025/2025-01/ACQ-20250107-CELL-055/
ACQ-20250107-CELL-056,HLF_alphasma_10x_CS-miR-ctrl_4.czi,/raw/MICROSCOPY/2025/2025-01/ACQ-20250107-CELL-056/
ACQ-20250107-CELL-057,HLF_alphasma_10x_CS-miR-ctrl_5.czi,/raw/MICROSCOPY/2025/2025-01/ACQ-20250107-CELL-057/
ACQ-20250107-CELL-058,HLF_alphasma_10x_CS-miR-ctrl_6.czi,/raw/MICROSCOPY/2025/2025-01/ACQ-20250107-CELL-058/
ACQ-20250107-CELL-059,HLF_alphasma_10x_CS-miR-ctrl_7.czi,/raw/MICROSCOPY/2025/2025-01/ACQ-20250107-CELL-059/
ACQ-20250107-CELL-060,HLF_alphasma_10x_CS-miR-ctrl_8.czi,/raw/MICROSCOPY/2025/2025-01/ACQ-20250107-CELL-060/
ACQ-20250107-CELL-061,HLF_alphasma_10x_CS-miR-ctrl_9.czi,/raw/MICROSCOPY/2025/2025-01/ACQ-20250107-CELL-061/
ACQ-20250107-CELL-062,HLF_alphasma_10x_CS-vacio_1.czi,/raw/MICROSCOPY/2025/2025-01/ACQ-20250107-CELL-062/
ACQ-20250107-CELL-063,HLF_alphasma_10x_CS-vacio_10.czi,/raw/MICROSCOPY/2025/2025-01/ACQ-20250107-CELL-063/
ACQ-20250107-CELL-064,HLF_alphasma_10x_CS-vacio_2.czi,/raw/MICROSCOPY/2025/2025-01/ACQ-20250107-CELL-064/
ACQ-20250107-CELL-065,HLF_alphasma_10x_CS-vacio_3.czi,/raw/MICROSCOPY/2025/2025-01/ACQ-20250107-CELL-065/
ACQ-20250107-CELL-066,HLF_alphasma_10x_CS-vacio_4.czi,/raw/MICROSCOPY/2025/2025-01/ACQ-20250107-CELL-066/
ACQ-20250107-CELL-067,HLF_alphasma_10x_CS-vacio_5.czi,/raw/MICROSCOPY/2025/2025-01/ACQ-20250107-CELL-067/
ACQ-20250107-CELL-068,HLF_alphasma_10x_CS-vacio_6.czi,/raw/MICROSCOPY/2025/2025-01/ACQ-20250107-CELL-068/
ACQ-20250107-CELL-069,HLF_alphasma_10x_CS-vacio_7.czi,/raw/MICROSCOPY/2025/2025-01/ACQ-20250107-CELL-069/
ACQ-20250107-CELL-070,HLF_alphasma_10x_CS-vacio_8.czi,/raw/MICROSCOPY/2025/2025-01/ACQ-20250107-CELL-070/
ACQ-20250107-CELL-071,HLF_alphasma_10x_CS-vacio_9.czi,/raw/MICROSCOPY/2025/2025-01/ACQ-20250107-CELL-071/
ACQ-20250107-CELL-072,HLF_alphasma_10x_PF_1.czi,/raw/MICROSCOPY/2025/2025-01/ACQ-20250107-CELL-072/
ACQ-20250107-CELL-073,HLF_alphasma_10x_PF_10.czi,/raw/MICROSCOPY/2025/2025-01/ACQ-20250107-CELL-073/
ACQ-20250107-CELL-074,HLF_alphasma_10x_PF_2.czi,/raw/MICROSCOPY/2025/2025-01/ACQ-20250107-CELL-074/
ACQ-20250107-CELL-075,HLF_alphasma_10x_PF_3.czi,/raw/MICROSCOPY/2025/2025-01/ACQ-20250107-CELL-075/
ACQ-20250107-CELL-076,HLF_alphasma_10x_PF_4.czi,/raw/MICROSCOPY/2025/2025-01/ACQ-20250107-CELL-076/
ACQ-20250107-CELL-077,HLF_alphasma_10x_PF_5.czi,/raw/MICROSCOPY/2025/2025-01/ACQ-20250107-CELL-077/
ACQ-20250107-CELL-078,HLF_alphasma_10x_PF_6.czi,/raw/MICROSCOPY/2025/2025-01/ACQ-20250107-CELL-078/
ACQ-20250107-CELL-079,HLF_alphasma_10x_PF_7.czi,/raw/MICROSCOPY/2025/2025-01/ACQ-20250107-CELL-079/
ACQ-20250107-CELL-080,HLF_alphasma_10x_PF_8.czi,/raw/MICROSCOPY/2025/2025-01/ACQ-20250107-CELL-080/
ACQ-20250107-CELL-081,HLF_alphasma_10x_PF_9.czi,/raw/MICROSCOPY/2025/2025-01/ACQ-20250107-CELL-081/
ACQ-20250107-CELL-082,HLF_alphasma_10x_control_1.czi,/raw/MICROSCOPY/2025/2025-01/ACQ-20250107-CELL-082/
ACQ-20250107-CELL-083,HLF_alphasma_10x_control_10.czi,/raw/MICROSCOPY/2025/2025-01/ACQ-20250107-CELL-083/
ACQ-20250107-CELL-084,HLF_alphasma_10x_control_2.czi,/raw/MICROSCOPY/2025/2025-01/ACQ-20250107-CELL-084/
ACQ-20250107-CELL-085,HLF_alphasma_10x_control_3.czi,/raw/MICROSCOPY/2025/2025-01/ACQ-20250107-CELL-085/
ACQ-20250107-CELL-086,HLF_alphasma_10x_control_4.czi,/raw/MICROSCOPY/2025/2025-01/ACQ-20250107-CELL-086/
ACQ-20250107-CELL-087,HLF_alphasma_10x_control_5.czi,/raw/MICROSCOPY/2025/2025-01/ACQ-20250107-CELL-087/
ACQ-20250107-CELL-088,HLF_alphasma_10x_control_6.czi,/raw/MICROSCOPY/2025/2025-01/ACQ-20250107-CELL-088/
ACQ-20250107-CELL-089,HLF_alphasma_10x_control_7.czi,/raw/MICROSCOPY/2025/2025-01/ACQ-20250107-CELL-089/
ACQ-20250107-CELL-090,HLF_alphasma_10x_control_8.czi,/raw/MICROSCOPY/2025/2025-01/ACQ-20250107-CELL-090/
ACQ-20250107-CELL-091,HLF_alphasma_10x_control_9.czi,/raw/MICROSCOPY/2025/2025-01/ACQ-20250107-CELL-091/
ACQ-20250310-CELL-001,CC-Mn-29a_1.czi,/raw/MICROSCOPY/2025/2025-03/ACQ-20250310-CELL-001/
ACQ-20250310-CELL-002,CC-Mn-29a_10.czi,/raw/MICROSCOPY/2025/2025-03/ACQ-20250310-CELL-002/
ACQ-20250310-CELL-003,CC-Mn-29a_2.czi,/raw/MICROSCOPY/2025/2025-03/ACQ-20250310-CELL-003/
ACQ-20250310-CELL-004,CC-Mn-29a_3.czi,/raw/MICROSCOPY/2025/2025-03/ACQ-20250310-CELL-004/
ACQ-20250310-CELL-005,CC-Mn-29a_4.czi,/raw/MICROSCOPY/2025/2025-03/ACQ-20250310-CELL-005/
ACQ-20250310-CELL-006,CC-Mn-29a_5.czi,/raw/MICROSCOPY/2025/2025-03/ACQ-20250310-CELL-006/
ACQ-20250310-CELL-007,CC-Mn-29a_6.czi,/raw/MICROSCOPY/2025/2025-03/ACQ-20250310-CELL-007/
ACQ-20250310-CELL-008,CC-Mn-29a_7.czi,/raw/MICROSCOPY/2025/2025-03/ACQ-20250310-CELL-008/
ACQ-20250310-CELL-009,CC-Mn-29a_8.czi,/raw/MICROSCOPY/2025/2025-03/ACQ-20250310-CELL-009/
ACQ-20250310-CELL-010,CC-Mn-29a_9.czi,/raw/MICROSCOPY/2025/2025-03/ACQ-20250310-CELL-010/
ACQ-20250310-CELL-011,CC-Mn_1.czi,/raw/MICROSCOPY/2025/2025-03/ACQ-20250310-CELL-011/
ACQ-20250310-CELL-012,CC-Mn_10.czi,/raw/MICROSCOPY/2025/2025-03/ACQ-20250310-CELL-012/
ACQ-20250310-CELL-013,CC-Mn_11.czi,/raw/MICROSCOPY/2025/2025-03/ACQ-20250310-CELL-013/
ACQ-20250310-CELL-014,CC-Mn_12.czi,/raw/MICROSCOPY/2025/2025-03/ACQ-20250310-CELL-014/
ACQ-20250310-CELL-015,CC-Mn_2.czi,/raw/MICROSCOPY/2025/2025-03/ACQ-20250310-CELL-015/
ACQ-20250310-CELL-016,CC-Mn_3.czi,/raw/MICROSCOPY/2025/2025-03/ACQ-20250310-CELL-016/
ACQ-20250310-CELL-017,CC-Mn_4.czi,/raw/MICROSCOPY/2025/2025-03/ACQ-20250310-CELL-017/
ACQ-20250310-CELL-018,CC-Mn_5.czi,/raw/MICROSCOPY/2025/2025-03/ACQ-20250310-CELL-018/
ACQ-20250310-CELL-019,CC-Mn_6.czi,/raw/MICROSCOPY/2025/2025-03/ACQ-20250310-CELL-019/
ACQ-20250310-CELL-020,CC-Mn_7.czi,/raw/MICROSCOPY/2025/2025-03/ACQ-20250310-CELL-020/
ACQ-20250310-CELL-021,CC-Mn_8.czi,/raw/MICROSCOPY/2025/2025-03/ACQ-20250310-CELL-021/
ACQ-20250310-CELL-022,CC-Mn_9.czi,/raw/MICROSCOPY/2025/2025-03/ACQ-20250310-CELL-022/
ACQ-20250310-CELL-023,CS-miRNA 29a_1.czi,/raw/MICROSCOPY/2025/2025-03/ACQ-20250310-CELL-023/
ACQ-20250310-CELL-024,CS-miRNA 29a_10.czi,/raw/MICROSCOPY/2025/2025-03/ACQ-20250310-CELL-024/
ACQ-20250310-CELL-025,CS-miRNA 29a_2.czi,/raw/MICROSCOPY/2025/2025-03/ACQ-20250310-CELL-025/
ACQ-20250310-CELL-026,CS-miRNA 29a_3.czi,/raw/MICROSCOPY/2025/2025-03/ACQ-20250310-CELL-026/
ACQ-20250310-CELL-027,CS-miRNA 29a_4.czi,/raw/MICROSCOPY/2025/2025-03/ACQ-20250310-CELL-027/
ACQ-20250310-CELL-028,CS-miRNA 29a_5.czi,/raw/MICROSCOPY/2025/2025-03/ACQ-20250310-CELL-028/
ACQ-20250310-CELL-029,CS-miRNA 29a_6.czi,/raw/MICROSCOPY/2025/2025-03/ACQ-20250310-CELL-029/
ACQ-20250310-CELL-030,CS-miRNA 29a_7.czi,/raw/MICROSCOPY/2025/2025-03/ACQ-20250310-CELL-030/
ACQ-20250310-CELL-031,CS-miRNA 29a_8.czi,/raw/MICROSCOPY/2025/2025-03/ACQ-20250310-CELL-031/
ACQ-20250310-CELL-032,CS-miRNA 29a_9.czi,/raw/MICROSCOPY/2025/2025-03/ACQ-20250310-CELL-032/
ACQ-20250310-CELL-033,CS-miRNA control_1.czi,/raw/MICROSCOPY/2025/2025-03/ACQ-20250310-CELL-033/
ACQ-20250310-CELL-034,CS-miRNA control_10.czi,/raw/MICROSCOPY/2025/2025-03/ACQ-20250310-CELL-034/
ACQ-20250310-CELL-035,CS-miRNA control_2.czi,/raw/MICROSCOPY/2025/2025-03/ACQ-20250310-CELL-035/
ACQ-20250310-CELL-036,CS-miRNA control_3.czi,/raw/MICROSCOPY/2025/2025-03/ACQ-20250310-CELL-036/
ACQ-20250310-CELL-037,CS-miRNA control_4.czi,/raw/MICROSCOPY/2025/2025-03/ACQ-20250310-CELL-037/
ACQ-20250310-CELL-038,CS-miRNA control_5.czi,/raw/MICROSCOPY/2025/2025-03/ACQ-20250310-CELL-038/
ACQ-20250310-CELL-039,CS-miRNA control_6.czi,/raw/MICROSCOPY/2025/2025-03/ACQ-20250310-CELL-039/
ACQ-20250310-CELL-040,CS-miRNA control_7.czi,/raw/MICROSCOPY/2025/2025-03/ACQ-20250310-CELL-040/
ACQ-20250310-CELL-041,CS-miRNA control_8.czi,/raw/MICROSCOPY/2025/2025-03/ACQ-20250310-CELL-041/
ACQ-20250310-CELL-042,CS-miRNA control_9.czi,/raw/MICROSCOPY/2025/2025-03/ACQ-20250310-CELL-042/
ACQ-20250310-CELL-043,CS-vacio_1.czi,/raw/MICROSCOPY/2025/2025-03/ACQ-20250310-CELL-043/
ACQ-20250310-CELL-044,CS-vacio_10.czi,/raw/MICROSCOPY/2025/2025-03/ACQ-20250310-CELL-044/
ACQ-20250310-CELL-045,CS-vacio_2.czi,/raw/MICROSCOPY/2025/2025-03/ACQ-20250310-CELL-045/
ACQ-20250310-CELL-046,CS-vacio_3.czi,/raw/MICROSCOPY/2025/2025-03/ACQ-20250310-CELL-046/
ACQ-20250310-CELL-047,CS-vacio_4.czi,/raw/MICROSCOPY/2025/2025-03/ACQ-20250310-CELL-047/
ACQ-20250310-CELL-048,CS-vacio_5.czi,/raw/MICROSCOPY/2025/2025-03/ACQ-20250310-CELL-048/
ACQ-20250310-CELL-049,CS-vacio_6.czi,/raw/MICROSCOPY/2025/2025-03/ACQ-20250310-CELL-049/
ACQ-20250310-CELL-050,CS-vacio_7.czi,/raw/MICROSCOPY/2025/2025-03/ACQ-20250310-CELL-050/
ACQ-20250310-CELL-051,CS-vacio_8.czi,/raw/MICROSCOPY/2025/2025-03/ACQ-20250310-CELL-051/
ACQ-20250310-CELL-052,CS-vacio_9.czi,/raw/MICROSCOPY/2025/2025-03/ACQ-20250310-CELL-052/
ACQ-20250310-CELL-053,Control_1.czi,/raw/MICROSCOPY/2025/2025-03/ACQ-20250310-CELL-053/
ACQ-20250310-CELL-054,Control_10.czi,/raw/MICROSCOPY/2025/2025-03/ACQ-20250310-CELL-054/
ACQ-20250310-CELL-055,Control_11.czi,/raw/MICROSCOPY/2025/2025-03/ACQ-20250310-CELL-055/
ACQ-20250310-CELL-056,Control_2.czi,/raw/MICROSCOPY/2025/2025-03/ACQ-20250310-CELL-056/
ACQ-20250310-CELL-057,Control_3.czi,/raw/MICROSCOPY/2025/2025-03/ACQ-20250310-CELL-057/
ACQ-20250310-CELL-058,Control_4.czi,/raw/MICROSCOPY/2025/2025-03/ACQ-20250310-CELL-058/
ACQ-20250310-CELL-059,Control_5.czi,/raw/MICROSCOPY/2025/2025-03/ACQ-20250310-CELL-059/
ACQ-20250310-CELL-060,Control_6.czi,/raw/MICROSCOPY/2025/2025-03/ACQ-20250310-CELL-060/
ACQ-20250310-CELL-061,Control_7.czi,/raw/MICROSCOPY/2025/2025-03/ACQ-20250310-CELL-061/
ACQ-20250310-CELL-062,Control_8.czi,/raw/MICROSCOPY/2025/2025-03/ACQ-20250310-CELL-062/
ACQ-20250310-CELL-063,Control_9.czi,/raw/MICROSCOPY/2025/2025-03/ACQ-20250310-CELL-063/
ACQ-20250310-CELL-064,Enfermo_1.czi,/raw/MICROSCOPY/2025/2025-03/ACQ-20250310-CELL-064/
ACQ-20250310-CELL-065,Enfermo_10.czi,/raw/MICROSCOPY/2025/2025-03/ACQ-20250310-CELL-065/
ACQ-20250310-CELL-066,Enfermo_11.czi,/raw/MICROSCOPY/2025/2025-03/ACQ-20250310-CELL-066/
ACQ-20250310-CELL-067,Enfermo_2.czi,/raw/MICROSCOPY/2025/2025-03/ACQ-20250310-CELL-067/
ACQ-20250310-CELL-068,Enfermo_3.czi,/raw/MICROSCOPY/2025/2025-03/ACQ-20250310-CELL-068/
ACQ-20250310-CELL-069,Enfermo_4.czi,/raw/MICROSCOPY/2025/2025-03/ACQ-20250310-CELL-069/
ACQ-20250310-CELL-070,Enfermo_5.czi,/raw/MICROSCOPY/2025/2025-03/ACQ-20250310-CELL-070/
ACQ-20250310-CELL-071,Enfermo_6.czi,/raw/MICROSCOPY/2025/2025-03/ACQ-20250310-CELL-071/
ACQ-20250310-CELL-072,Enfermo_7.czi,/raw/MICROSCOPY/2025/2025-03/ACQ-20250310-CELL-072/
ACQ-20250310-CELL-073,Enfermo_8.czi,/raw/MICROSCOPY/2025/2025-03/ACQ-20250310-CELL-073/
ACQ-20250310-CELL-074,Enfermo_9.czi,/raw/MICROSCOPY/2025/2025-03/ACQ-20250310-CELL-074/
ACQ-20240313-LSM9-001,LP_IONP-doxo_20x_48h.czi,/raw/MICROSCOPY/2024/2024-03/ACQ-20240313-LSM9-001/
ACQ-20240313-LSM9-002,Z-stack_LP_IONP-doxo_20x_24h.czi,/raw/MICROSCOPY/2024/2024-03/ACQ-20240313-LSM9-002/
ACQ-20240313-LSM9-003,Z-stack_LP_IONP-doxo_20x_24h_2.czi,/raw/MICROSCOPY/2024/2024-03/ACQ-20240313-LSM9-003/
ACQ-20240313-LSM9-004,Z-stack_LP_IONP-doxo_20x_24h_3.czi,/raw/MICROSCOPY/2024/2024-03/ACQ-20240313-LSM9-004/
ACQ-20240313-LSM9-005,Z-stack_LP_IONP-doxo_20x_48h.czi,/raw/MICROSCOPY/2024/2024-03/ACQ-20240313-LSM9-005/
ACQ-20240313-LSM9-006,Z-stack_LP_IONP-doxo_20x_48h_2.czi,/raw/MICROSCOPY/2024/2024-03/ACQ-20240313-LSM9-006/
ACQ-20240313-LSM9-007,Z-stack_LP_IONP-doxo_20x_48h_3.czi,/raw/MICROSCOPY/2024/2024-03/ACQ-20240313-LSM9-007/
ACQ-20240313-LSM9-008,Z-stack_LP_IONP-doxo_20x_6h.czi,/raw/MICROSCOPY/2024/2024-03/ACQ-20240313-LSM9-008/
ACQ-20240313-LSM9-009,Z-stack_LP_IONP-doxo_20x_6h_2.czi,/raw/MICROSCOPY/2024/2024-03/ACQ-20240313-LSM9-009/
ACQ-20240313-LSM9-010,Z-stack_LP_IONP-doxo_20x_6h_3.czi,/raw/MICROSCOPY/2024/2024-03/ACQ-20240313-LSM9-010/
ACQ-20240313-LSM9-011,Z-stack_LP_IONP-doxo_20x_6h_4.czi,/raw/MICROSCOPY/2024/2024-03/ACQ-20240313-LSM9-011/
ACQ-20240313-LSM9-012,Z-stack_LP_IONP-doxo_20x_ctrl.czi,/raw/MICROSCOPY/2024/2024-03/ACQ-20240313-LSM9-012/
ACQ-20240313-LSM9-013,Z-stack_LP_IONP-doxo_20x_ctrl_2.czi,/raw/MICROSCOPY/2024/2024-03/ACQ-20240313-LSM9-013/
ACQ-20251029-PET-001,irene_0525_251029_0525_m13_20251029100311_PET,/raw/DICOM/2025/2025-10/ACQ-20251029-PET-001/
ACQ-20251029-CT-001,irene_0525_251029_0525_m13_20251029101558_CT,/raw/DICOM/2025/2025-10/ACQ-20251029-CT-001/
ACQ-20251029-PET-002,irene_0525_251029_0525_m14_20251029100641_PET,/raw/DICOM/2025/2025-10/ACQ-20251029-PET-002/
ACQ-20251029-CT-002,irene_0525_251029_0525_m14_20251029102454_CT,/raw/DICOM/2025/2025-10/ACQ-20251029-CT-002/
ACQ-20251029-PET-003,irene_0525_251029_0525_m15_20251029101607_PET,/raw/DICOM/2025/2025-10/ACQ-20251029-PET-003/
ACQ-20251029-CT-003,irene_0525_251029_0525_m15_20251029103259_CT,/raw/DICOM/2025/2025-10/ACQ-20251029-CT-003/
ACQ-20251029-PET-004,irene_0525_251029_0525_m16_20251029102716_PET,/raw/DICOM/2025/2025-10/ACQ-20251029-PET-004/
ACQ-20251029-CT-004,irene_0525_251029_0525_m16_20251029104200_CT,/raw/DICOM/2025/2025-10/ACQ-20251029-CT-004/
ACQ-20251029-PET-005,irene_0525_251029_0525_m17_20251029103428_PET,/raw/DICOM/2025/2025-10/ACQ-20251029-PET-005/
ACQ-20251029-CT-005,irene_0525_251029_0525_m17_20251029105133_CT,/raw/DICOM/2025/2025-10/ACQ-20251029-CT-005/
ACQ-20251029-PET-006,irene_0525_251029_0525_m18_20251029104337_PET,/raw/DICOM/2025/2025-10/ACQ-20251029-PET-006/
ACQ-20251029-CT-006,irene_0525_251029_0525_m18_20251029110143_CT,/raw/DICOM/2025/2025-10/ACQ-20251029-CT-006/
ACQ-20251029-PET-007,irene_0525_251029_0525_m19_20251029105315_PET,/raw/DICOM/2025/2025-10/ACQ-20251029-PET-007/
ACQ-20251029-CT-007,irene_0525_251029_0525_m19_20251029110953_CT,/raw/DICOM/2025/2025-10/ACQ-20251029-CT-007/
ACQ-20251029-PET-008,irene_0525_251029_0525_m20_20251029111113_PET,/raw/DICOM/2025/2025-10/ACQ-20251029-PET-008/
ACQ-20251029-CT-008,irene_0525_251029_0525_m20_20251029113005_CT,/raw/DICOM/2025/2025-10/ACQ-20251029-CT-008/
ACQ-20251029-PET-009,irene_0525_251029_0525_m21_20251029112040_PET,/raw/DICOM/2025/2025-10/ACQ-20251029-PET-009/
ACQ-20251029-CT-009,irene_0525_251029_0525_m21_20251029113958_CT,/raw/DICOM/2025/2025-10/ACQ-20251029-CT-009/
ACQ-20251029-PET-010,irene_0525_251029_0525_m22_20251029113018_PET,/raw/DICOM/2025/2025-10/ACQ-20251029-PET-010/
ACQ-20251029-CT-010,irene_0525_251029_0525_m22_20251029114804_CT,/raw/DICOM/2025/2025-10/ACQ-20251029-CT-010/
ACQ-20251029-PET-011,irene_0525_251029_0525_m23_20251029120205_PET,/raw/DICOM/2025/2025-10/ACQ-20251029-PET-011/
ACQ-20251029-CT-011,irene_0525_251029_0525_m23_20251029121620_CT,/raw/DICOM/2025/2025-10/ACQ-20251029-CT-011/
ACQ-20251029-PET-012,irene_0525_251029_0525_m24_20251029120733_PET,/raw/DICOM/2025/2025-10/ACQ-20251029-PET-012/
ACQ-20251029-CT-012,irene_0525_251029_0525_m24_20251029122407_CT,/raw/DICOM/2025/2025-10/ACQ-20251029-CT-012/
ACQ-20251021-PET-001,irene_1207_251021_0424_m17_20251021130107_PET,/raw/DICOM/2025/2025-10/ACQ-20251021-PET-001/
ACQ-20251021-CT-001,irene_1207_251021_0424_m17_20251021132414_CT,/raw/DICOM/2025/2025-10/ACQ-20251021-CT-001/
ACQ-20251022-CT-001,irene_1207_251021_0424_m17_20251022111305_CT,/raw/DICOM/2025/2025-10/ACQ-20251022-CT-001/
ACQ-20251021-PET-002,irene_1207_251021_0424_m18_20251021131938_PET,/raw/DICOM/2025/2025-10/ACQ-20251021-PET-002/
ACQ-20251021-CT-002,irene_1207_251021_0424_m18_20251021134243_CT,/raw/DICOM/2025/2025-10/ACQ-20251021-CT-002/
ACQ-20251022-PET-002,irene_1207_251021_0424_m18_20251022110631_PET,/raw/DICOM/2025/2025-10/ACQ-20251022-PET-002/
ACQ-20251022-CT-002,irene_1207_251021_0424_m18_20251022111902_CT,/raw/DICOM/2025/2025-10/ACQ-20251022-CT-002/
ACQ-20251021-PET-003,irene_1207_251021_0424_m19_20251021132616_PET,/raw/DICOM/2025/2025-10/ACQ-20251021-PET-003/
ACQ-20251021-CT-003,irene_1207_251021_0424_m19_20251021134958_CT,/raw/DICOM/2025/2025-10/ACQ-20251021-CT-003/
ACQ-20251022-PET-003,irene_1207_251021_0424_m19_20251022111651_PET,/raw/DICOM/2025/2025-10/ACQ-20251022-PET-003/
ACQ-20251022-CT-003,irene_1207_251021_0424_m19_20251022112940_CT,/raw/DICOM/2025/2025-10/ACQ-20251022-CT-003/
ACQ-20251021-PET-004,irene_1207_251021_0424_m20_20251021134318_PET,/raw/DICOM/2025/2025-10/ACQ-20251021-PET-004/
ACQ-20251021-CT-004,irene_1207_251021_0424_m20_20251021140619_CT,/raw/DICOM/2025/2025-10/ACQ-20251021-CT-004/
ACQ-20251022-PET-004,irene_1207_251021_0424_m20_20251022112305_PET,/raw/DICOM/2025/2025-10/ACQ-20251022-PET-004/
ACQ-20251022-CT-004,irene_1207_251021_0424_m20_20251022113555_CT,/raw/DICOM/2025/2025-10/ACQ-20251022-CT-004/
ACQ-20251021-PET-005,irene_1207_251021_0424_m21_20251021135330_PET,/raw/DICOM/2025/2025-10/ACQ-20251021-PET-005/
ACQ-20251021-CT-005,irene_1207_251021_0424_m21_20251021141800_CT,/raw/DICOM/2025/2025-10/ACQ-20251021-CT-005/
ACQ-20251021-PET-006,irene_1207_251021_0424_m22_20251021140637_PET,/raw/DICOM/2025/2025-10/ACQ-20251021-PET-006/
ACQ-20251021-CT-006,irene_1207_251021_0424_m22_20251021142916_CT,/raw/DICOM/2025/2025-10/ACQ-20251021-CT-006/
ACQ-20251022-PET-005,irene_1207_251021_0424_m22_20251022113133_PET,/raw/DICOM/2025/2025-10/ACQ-20251022-PET-005/
ACQ-20251022-CT-005,irene_1207_251021_0424_m22_20251022114720_CT,/raw/DICOM/2025/2025-10/ACQ-20251022-CT-005/
ACQ-20251021-PET-007,irene_1207_251021_0424_m23_20251021141820_PET,/raw/DICOM/2025/2025-10/ACQ-20251021-PET-007/
ACQ-20251021-CT-007,irene_1207_251021_0424_m23_20251021144118_CT,/raw/DICOM/2025/2025-10/ACQ-20251021-CT-007/
ACQ-20251021-PET-008,irene_1207_251021_0424_m24_20251021143204_PET,/raw/DICOM/2025/2025-10/ACQ-20251021-PET-008/
ACQ-20251021-CT-008,irene_1207_251021_0424_m24_20251021145437_CT,/raw/DICOM/2025/2025-10/ACQ-20251021-CT-008/
ACQ-20251021-PET-009,irene_1207_251021_0424_m25_20251021144538_PET,/raw/DICOM/2025/2025-10/ACQ-20251021-PET-009/
ACQ-20251021-CT-009,irene_1207_251021_0424_m25_20251021150825_CT,/raw/DICOM/2025/2025-10/ACQ-20251021-CT-009/
ACQ-20251021-PET-010,irene_1207_251021_0424_m26_20251021145714_PET,/raw/DICOM/2025/2025-10/ACQ-20251021-PET-010/
ACQ-20251021-CT-010,irene_1207_251021_0424_m26_20251021151953_CT,/raw/DICOM/2025/2025-10/ACQ-20251021-CT-010/
ACQ-20251021-PET-011,irene_1207_251021_0424_m27_20251021151348_PET,/raw/DICOM/2025/2025-10/ACQ-20251021-PET-011/
ACQ-20251021-CT-011,irene_1207_251021_0424_m27_20251021153621_CT,/raw/DICOM/2025/2025-10/ACQ-20251021-CT-011/
ACQ-20251021-PET-012,irene_1207_251021_0424_m28_20251021152610_PET,/raw/DICOM/2025/2025-10/ACQ-20251021-PET-012/
ACQ-20251021-CT-012,irene_1207_251021_0424_m28_20251021154910_CT,/raw/DICOM/2025/2025-10/ACQ-20251021-CT-012/
ACQ-20251022-PET-006,irene_1207_251022_0424_m26_20251022113955_PET,/raw/DICOM/2025/2025-10/ACQ-20251022-PET-006/
ACQ-20251022-CT-006,irene_1207_251022_0424_m26_20251022115226_CT,/raw/DICOM/2025/2025-10/ACQ-20251022-CT-006/
ACQ-20251028-PET-001,irene_1207_251027_0525_m1_20251028101344_PET,/raw/DICOM/2025/2025-10/ACQ-20251028-PET-001/
ACQ-20251028-CT-001,irene_1207_251027_0525_m1_20251028103111_CT,/raw/DICOM/2025/2025-10/ACQ-20251028-CT-001/
ACQ-20251028-PET-002,irene_1207_251027_0525_m2_20251028103017_PET,/raw/DICOM/2025/2025-10/ACQ-20251028-PET-002/
ACQ-20251028-CT-002,irene_1207_251027_0525_m2_20251028104525_CT,/raw/DICOM/2025/2025-10/ACQ-20251028-CT-002/
ACQ-20251028-PET-003,irene_1207_251027_0525_m3_20251028103804_PET,/raw/DICOM/2025/2025-10/ACQ-20251028-PET-003/
ACQ-20251028-CT-003,irene_1207_251027_0525_m3_20251028105541_CT,/raw/DICOM/2025/2025-10/ACQ-20251028-CT-003/
ACQ-20251028-PET-004,irene_1207_251027_0525_m4_20251028105025_PET,/raw/DICOM/2025/2025-10/ACQ-20251028-PET-004/
ACQ-20251028-CT-004,irene_1207_251027_0525_m4_20251028110432_CT,/raw/DICOM/2025/2025-10/ACQ-20251028-CT-004/
ACQ-20251028-PET-005,irene_1207_251027_0525_m5_20251028105801_PET,/raw/DICOM/2025/2025-10/ACQ-20251028-PET-005/
ACQ-20251028-CT-005,irene_1207_251027_0525_m5_20251028111256_CT,/raw/DICOM/2025/2025-10/ACQ-20251028-CT-005/
ACQ-20251028-PET-006,irene_1207_251027_0525_m6_20251028110618_PET,/raw/DICOM/2025/2025-10/ACQ-20251028-PET-006/
ACQ-20251028-CT-006,irene_1207_251027_0525_m6_20251028112433_CT,/raw/DICOM/2025/2025-10/ACQ-20251028-CT-006/
ACQ-20251028-PET-007,irene_1207_251027_0525_m7_20251028111633_PET,/raw/DICOM/2025/2025-10/ACQ-20251028-PET-007/
ACQ-20251028-CT-007,irene_1207_251027_0525_m7_20251028113252_CT,/raw/DICOM/2025/2025-10/ACQ-20251028-CT-007/
ACQ-20251028-PET-008,irene_1207_251027_0525_m8_20251028113216_PET,/raw/DICOM/2025/2025-10/ACQ-20251028-PET-008/
ACQ-20251028-CT-008,irene_1207_251027_0525_m8_20251028114723_CT,/raw/DICOM/2025/2025-10/ACQ-20251028-CT-008/
ACQ-20251028-PET-009,irene_1207_251027_0525_m9_20251028120942_PET,/raw/DICOM/2025/2025-10/ACQ-20251028-PET-009/
ACQ-20251028-PET-010,irene_1207_251028_0525_m10_20251028121513_PET,/raw/DICOM/2025/2025-10/ACQ-20251028-PET-010/
ACQ-20251028-CT-009,irene_1207_251028_0525_m10_20251028123031_CT,/raw/DICOM/2025/2025-10/ACQ-20251028-CT-009/
ACQ-20251028-PET-011,irene_1207_251028_0525_m11_20251028122716_PET,/raw/DICOM/2025/2025-10/ACQ-20251028-PET-011/
ACQ-20251028-CT-010,irene_1207_251028_0525_m11_20251028124023_CT,/raw/DICOM/2025/2025-10/ACQ-20251028-CT-010/
ACQ-20251028-PET-012,irene_1207_251028_0525_m12_20251028123630_PET,/raw/DICOM/2025/2025-10/ACQ-20251028-PET-012/
ACQ-20251028-CT-011,irene_1207_251028_0525_m12_20251028125019_CT,/raw/DICOM/2025/2025-10/ACQ-20251028-CT-011/
ACQ-20251028-CT-012,irene_1207_251028_0525_m9_20251028122254_CT,/raw/DICOM/2025/2025-10/ACQ-20251028-CT-012/
ACQ-20251022-PET-007,irene_1207_251021_0424_m17_20251022104949_PET,/raw/DICOM/2025/2025-10/ACQ-20251022-PET-007/
ACQ-20251016-MRI-001,20251016_083822_jrc_251016_m17_0424_jrc_251016_m17_0424_1_1/12,/raw/DICOM/2025/2025-10/ACQ-20251016-MRI-001/
ACQ-20251016-MRI-002,20251016_083822_jrc_251016_m17_0424_jrc_251016_m17_0424_1_1/13,/raw/DICOM/2025/2025-10/ACQ-20251016-MRI-002/
ACQ-20251016-MRI-003,20251016_083822_jrc_251016_m17_0424_jrc_251016_m17_0424_1_1/14,/raw/DICOM/2025/2025-10/ACQ-20251016-MRI-003/
ACQ-20251016-MRI-004,20251016_083822_jrc_251016_m17_0424_jrc_251016_m17_0424_1_1/15,/raw/DICOM/2025/2025-10/ACQ-20251016-MRI-004/
ACQ-20251016-MRI-005,20251016_083822_jrc_251016_m17_0424_jrc_251016_m17_0424_1_1/16,/raw/DICOM/2025/2025-10/ACQ-20251016-MRI-005/
ACQ-20251016-MRI-006,20251016_083822_jrc_251016_m17_0424_jrc_251016_m17_0424_1_1/17,/raw/DICOM/2025/2025-10/ACQ-20251016-MRI-006/
ACQ-20251016-MRI-007,20251016_083822_jrc_251016_m17_0424_jrc_251016_m17_0424_1_1/18,/raw/DICOM/2025/2025-10/ACQ-20251016-MRI-007/
ACQ-20251016-MRI-008,20251016_083822_jrc_251016_m17_0424_jrc_251016_m17_0424_1_1/19,/raw/DICOM/2025/2025-10/ACQ-20251016-MRI-008/
ACQ-20251016-MRI-009,20251016_083822_jrc_251016_m17_0424_jrc_251016_m17_0424_1_1/20,/raw/DICOM/2025/2025-10/ACQ-20251016-MRI-009/
ACQ-20251016-MRI-010,20251016_083822_jrc_251016_m17_0424_jrc_251016_m17_0424_1_1/21,/raw/DICOM/2025/2025-10/ACQ-20251016-MRI-010/
ACQ-20251016-MRI-011,20251016_083822_jrc_251016_m17_0424_jrc_251016_m17_0424_1_1/22,/raw/DICOM/2025/2025-10/ACQ-20251016-MRI-011/
ACQ-20251016-MRI-012,20251016_083822_jrc_251016_m17_0424_jrc_251016_m17_0424_1_1/23,/raw/DICOM/2025/2025-10/ACQ-20251016-MRI-012/
ACQ-20251016-MRI-013,20251016_083822_jrc_251016_m17_0424_jrc_251016_m17_0424_1_1/24,/raw/DICOM/2025/2025-10/ACQ-20251016-MRI-013/
ACQ-20251016-MRI-014,20251016_083822_jrc_251016_m17_0424_jrc_251016_m17_0424_1_1/25,/raw/DICOM/2025/2025-10/ACQ-20251016-MRI-014/
ACQ-20251016-MRI-015,20251016_083822_jrc_251016_m17_0424_jrc_251016_m17_0424_1_1/26,/raw/DICOM/2025/2025-10/ACQ-20251016-MRI-015/
ACQ-20251016-MRI-016,20251016_083822_jrc_251016_m17_0424_jrc_251016_m17_0424_1_1/27,/raw/DICOM/2025/2025-10/ACQ-20251016-MRI-016/
ACQ-20251016-MRI-017,20251016_083822_jrc_251016_m17_0424_jrc_251016_m17_0424_1_1/28,/raw/DICOM/2025/2025-10/ACQ-20251016-MRI-017/
ACQ-20251016-MRI-018,20251016_083822_jrc_251016_m17_0424_jrc_251016_m17_0424_1_1/29,/raw/DICOM/2025/2025-10/ACQ-20251016-MRI-018/
ACQ-20251016-MRI-019,20251016_113428_jrc_251016_m18_0424_jrc_251016_m18_0424_1_1/1,/raw/DICOM/2025/2025-10/ACQ-20251016-MRI-019/
ACQ-20251016-MRI-020,20251016_113428_jrc_251016_m18_0424_jrc_251016_m18_0424_1_1/10,/raw/DICOM/2025/2025-10/ACQ-20251016-MRI-020/
ACQ-20251016-MRI-021,20251016_113428_jrc_251016_m18_0424_jrc_251016_m18_0424_1_1/11,/raw/DICOM/2025/2025-10/ACQ-20251016-MRI-021/
ACQ-20251016-MRI-022,20251016_113428_jrc_251016_m18_0424_jrc_251016_m18_0424_1_1/12,/raw/DICOM/2025/2025-10/ACQ-20251016-MRI-022/
ACQ-20251016-MRI-023,20251016_113428_jrc_251016_m18_0424_jrc_251016_m18_0424_1_1/13,/raw/DICOM/2025/2025-10/ACQ-20251016-MRI-023/
ACQ-20251016-MRI-024,20251016_113428_jrc_251016_m18_0424_jrc_251016_m18_0424_1_1/14,/raw/DICOM/2025/2025-10/ACQ-20251016-MRI-024/
ACQ-20251016-MRI-025,20251016_113428_jrc_251016_m18_0424_jrc_251016_m18_0424_1_1/15,/raw/DICOM/2025/2025-10/ACQ-20251016-MRI-025/
ACQ-20251016-MRI-026,20251016_113428_jrc_251016_m18_0424_jrc_251016_m18_0424_1_1/16,/raw/DICOM/2025/2025-10/ACQ-20251016-MRI-026/
ACQ-20251016-MRI-027,20251016_113428_jrc_251016_m18_0424_jrc_251016_m18_0424_1_1/17,/raw/DICOM/2025/2025-10/ACQ-20251016-MRI-027/
ACQ-20251016-MRI-028,20251016_113428_jrc_251016_m18_0424_jrc_251016_m18_0424_1_1/18,/raw/DICOM/2025/2025-10/ACQ-20251016-MRI-028/
ACQ-20251016-MRI-029,20251016_113428_jrc_251016_m18_0424_jrc_251016_m18_0424_1_1/19,/raw/DICOM/2025/2025-10/ACQ-20251016-MRI-029/
ACQ-20251016-MRI-030,20251016_113428_jrc_251016_m18_0424_jrc_251016_m18_0424_1_1/2,/raw/DICOM/2025/2025-10/ACQ-20251016-MRI-030/
ACQ-20251016-MRI-031,20251016_113428_jrc_251016_m18_0424_jrc_251016_m18_0424_1_1/20,/raw/DICOM/2025/2025-10/ACQ-20251016-MRI-031/
ACQ-20251016-MRI-032,20251016_113428_jrc_251016_m18_0424_jrc_251016_m18_0424_1_1/3,/raw/DICOM/2025/2025-10/ACQ-20251016-MRI-032/
ACQ-20251016-MRI-033,20251016_113428_jrc_251016_m18_0424_jrc_251016_m18_0424_1_1/4,/raw/DICOM/2025/2025-10/ACQ-20251016-MRI-033/
ACQ-20251016-MRI-034,20251016_113428_jrc_251016_m18_0424_jrc_251016_m18_0424_1_1/6,/raw/DICOM/2025/2025-10/ACQ-20251016-MRI-034/
ACQ-20251016-MRI-035,20251016_113428_jrc_251016_m18_0424_jrc_251016_m18_0424_1_1/7,/raw/DICOM/2025/2025-10/ACQ-20251016-MRI-035/
ACQ-20251016-MRI-036,20251016_113428_jrc_251016_m18_0424_jrc_251016_m18_0424_1_1/8,/raw/DICOM/2025/2025-10/ACQ-20251016-MRI-036/
ACQ-20251016-MRI-037,20251016_113428_jrc_251016_m18_0424_jrc_251016_m18_0424_1_1/9,/raw/DICOM/2025/2025-10/ACQ-20251016-MRI-037/
ACQ-20251016-MRI-038,20251016_130640_jrc_251016_m19_0424_jrc_251016_m19_0424_1_1/10,/raw/DICOM/2025/2025-10/ACQ-20251016-MRI-038/
ACQ-20251016-MRI-039,20251016_130640_jrc_251016_m19_0424_jrc_251016_m19_0424_1_1/11,/raw/DICOM/2025/2025-10/ACQ-20251016-MRI-039/
ACQ-20251016-MRI-040,20251016_130640_jrc_251016_m19_0424_jrc_251016_m19_0424_1_1/12,/raw/DICOM/2025/2025-10/ACQ-20251016-MRI-040/
ACQ-20251016-MRI-041,20251016_130640_jrc_251016_m19_0424_jrc_251016_m19_0424_1_1/13,/raw/DICOM/2025/2025-10/ACQ-20251016-MRI-041/
ACQ-20251016-MRI-042,20251016_130640_jrc_251016_m19_0424_jrc_251016_m19_0424_1_1/14,/raw/DICOM/2025/2025-10/ACQ-20251016-MRI-042/
ACQ-20251016-MRI-043,20251016_130640_jrc_251016_m19_0424_jrc_251016_m19_0424_1_1/15,/raw/DICOM/2025/2025-10/ACQ-20251016-MRI-043/
ACQ-20251016-MRI-044,20251016_130640_jrc_251016_m19_0424_jrc_251016_m19_0424_1_1/16,/raw/DICOM/2025/2025-10/ACQ-20251016-MRI-044/
ACQ-20251016-MRI-045,20251016_130640_jrc_251016_m19_0424_jrc_251016_m19_0424_1_1/17,/raw/DICOM/2025/2025-10/ACQ-20251016-MRI-045/
ACQ-20251016-MRI-046,20251016_130640_jrc_251016_m19_0424_jrc_251016_m19_0424_1_1/18,/raw/DICOM/2025/2025-10/ACQ-20251016-MRI-046/
ACQ-20251016-MRI-047,20251016_130640_jrc_251016_m19_0424_jrc_251016_m19_0424_1_1/2,/raw/DICOM/2025/2025-10/ACQ-20251016-MRI-047/
ACQ-20251016-MRI-048,20251016_130640_jrc_251016_m19_0424_jrc_251016_m19_0424_1_1/3,/raw/DICOM/2025/2025-10/ACQ-20251016-MRI-048/
ACQ-20251016-MRI-049,20251016_130640_jrc_251016_m19_0424_jrc_251016_m19_0424_1_1/4,/raw/DICOM/2025/2025-10/ACQ-20251016-MRI-049/
ACQ-20251016-MRI-050,20251016_130640_jrc_251016_m19_0424_jrc_251016_m19_0424_1_1/5,/raw/DICOM/2025/2025-10/ACQ-20251016-MRI-050/
ACQ-20251016-MRI-051,20251016_130640_jrc_251016_m19_0424_jrc_251016_m19_0424_1_1/6,/raw/DICOM/2025/2025-10/ACQ-20251016-MRI-051/
ACQ-20251016-MRI-052,20251016_130640_jrc_251016_m19_0424_jrc_251016_m19_0424_1_1/7,/raw/DICOM/2025/2025-10/ACQ-20251016-MRI-052/
ACQ-20251016-MRI-053,20251016_130640_jrc_251016_m19_0424_jrc_251016_m19_0424_1_1/8,/raw/DICOM/2025/2025-10/ACQ-20251016-MRI-053/
ACQ-20251016-MRI-054,20251016_130640_jrc_251016_m19_0424_jrc_251016_m19_0424_1_1/9,/raw/DICOM/2025/2025-10/ACQ-20251016-MRI-054/
ACQ-20251016-MRI-055,20251016_144831_jrc_251016_m20_0424_jrc_251016_m20_0424_1_1/1,/raw/DICOM/2025/2025-10/ACQ-20251016-MRI-055/
ACQ-20251016-MRI-056,20251016_144831_jrc_251016_m20_0424_jrc_251016_m20_0424_1_1/10,/raw/DICOM/2025/2025-10/ACQ-20251016-MRI-056/
ACQ-20251016-MRI-057,20251016_144831_jrc_251016_m20_0424_jrc_251016_m20_0424_1_1/11,/raw/DICOM/2025/2025-10/ACQ-20251016-MRI-057/
ACQ-20251016-MRI-058,20251016_144831_jrc_251016_m20_0424_jrc_251016_m20_0424_1_1/12,/raw/DICOM/2025/2025-10/ACQ-20251016-MRI-058/
ACQ-20251016-MRI-059,20251016_144831_jrc_251016_m20_0424_jrc_251016_m20_0424_1_1/13,/raw/DICOM/2025/2025-10/ACQ-20251016-MRI-059/
ACQ-20251016-MRI-060,20251016_144831_jrc_251016_m20_0424_jrc_251016_m20_0424_1_1/14,/raw/DICOM/2025/2025-10/ACQ-20251016-MRI-060/
ACQ-20251016-MRI-061,20251016_144831_jrc_251016_m20_0424_jrc_251016_m20_0424_1_1/15,/raw/DICOM/2025/2025-10/ACQ-20251016-MRI-061/
ACQ-20251016-MRI-062,20251016_144831_jrc_251016_m20_0424_jrc_251016_m20_0424_1_1/16,/raw/DICOM/2025/2025-10/ACQ-20251016-MRI-062/
ACQ-20251016-MRI-063,20251016_144831_jrc_251016_m20_0424_jrc_251016_m20_0424_1_1/17,/raw/DICOM/2025/2025-10/ACQ-20251016-MRI-063/
ACQ-20251016-MRI-064,20251016_144831_jrc_251016_m20_0424_jrc_251016_m20_0424_1_1/18,/raw/DICOM/2025/2025-10/ACQ-20251016-MRI-064/
ACQ-20251016-MRI-065,20251016_144831_jrc_251016_m20_0424_jrc_251016_m20_0424_1_1/2,/raw/DICOM/2025/2025-10/ACQ-20251016-MRI-065/
ACQ-20251016-MRI-066,20251016_144831_jrc_251016_m20_0424_jrc_251016_m20_0424_1_1/4,/raw/DICOM/2025/2025-10/ACQ-20251016-MRI-066/
ACQ-20251016-MRI-067,20251016_144831_jrc_251016_m20_0424_jrc_251016_m20_0424_1_1/5,/raw/DICOM/2025/2025-10/ACQ-20251016-MRI-067/
ACQ-20251016-MRI-068,20251016_144831_jrc_251016_m20_0424_jrc_251016_m20_0424_1_1/6,/raw/DICOM/2025/2025-10/ACQ-20251016-MRI-068/
ACQ-20251016-MRI-069,20251016_144831_jrc_251016_m20_0424_jrc_251016_m20_0424_1_1/7,/raw/DICOM/2025/2025-10/ACQ-20251016-MRI-069/
ACQ-20251016-MRI-070,20251016_144831_jrc_251016_m20_0424_jrc_251016_m20_0424_1_1/8,/raw/DICOM/2025/2025-10/ACQ-20251016-MRI-070/
ACQ-20251016-MRI-071,20251016_144831_jrc_251016_m20_0424_jrc_251016_m20_0424_1_1/9,/raw/DICOM/2025/2025-10/ACQ-20251016-MRI-071/
ACQ-20251027-MRI-001,20251027_093013_jrc251027_m13_0423_jrc251027_m13_0423_1_1/10,/raw/DICOM/2025/2025-10/ACQ-20251027-MRI-001/
ACQ-20251027-MRI-002,20251027_093013_jrc251027_m13_0423_jrc251027_m13_0423_1_1/11,/raw/DICOM/2025/2025-10/ACQ-20251027-MRI-002/
ACQ-20251027-MRI-003,20251027_093013_jrc251027_m13_0423_jrc251027_m13_0423_1_1/12,/raw/DICOM/2025/2025-10/ACQ-20251027-MRI-003/
ACQ-20251027-MRI-004,20251027_093013_jrc251027_m13_0423_jrc251027_m13_0423_1_1/13,/raw/DICOM/2025/2025-10/ACQ-20251027-MRI-004/
ACQ-20251027-MRI-005,20251027_093013_jrc251027_m13_0423_jrc251027_m13_0423_1_1/15,/raw/DICOM/2025/2025-10/ACQ-20251027-MRI-005/
ACQ-20251027-MRI-006,20251027_093013_jrc251027_m13_0423_jrc251027_m13_0423_1_1/16,/raw/DICOM/2025/2025-10/ACQ-20251027-MRI-006/
ACQ-20251027-MRI-007,20251027_093013_jrc251027_m13_0423_jrc251027_m13_0423_1_1/18,/raw/DICOM/2025/2025-10/ACQ-20251027-MRI-007/
ACQ-20251027-MRI-008,20251027_093013_jrc251027_m13_0423_jrc251027_m13_0423_1_1/19,/raw/DICOM/2025/2025-10/ACQ-20251027-MRI-008/
ACQ-20251027-MRI-009,20251027_093013_jrc251027_m13_0423_jrc251027_m13_0423_1_1/20,/raw/DICOM/2025/2025-10/ACQ-20251027-MRI-009/
ACQ-20251027-MRI-010,20251027_093013_jrc251027_m13_0423_jrc251027_m13_0423_1_1/23,/raw/DICOM/2025/2025-10/ACQ-20251027-MRI-010/
ACQ-20251027-MRI-011,20251027_093013_jrc251027_m13_0423_jrc251027_m13_0423_1_1/7,/raw/DICOM/2025/2025-10/ACQ-20251027-MRI-011/
ACQ-20251027-MRI-012,20251027_093013_jrc251027_m13_0423_jrc251027_m13_0423_1_1/8,/raw/DICOM/2025/2025-10/ACQ-20251027-MRI-012/
ACQ-20251027-MRI-013,20251027_121652_jrc251027_m14_0423_jrc251027_m14_0423_1_1/10,/raw/DICOM/2025/2025-10/ACQ-20251027-MRI-013/
ACQ-20251027-MRI-014,20251027_121652_jrc251027_m14_0423_jrc251027_m14_0423_1_1/11,/raw/DICOM/2025/2025-10/ACQ-20251027-MRI-014/
ACQ-20251027-MRI-015,20251027_121652_jrc251027_m14_0423_jrc251027_m14_0423_1_1/12,/raw/DICOM/2025/2025-10/ACQ-20251027-MRI-015/
ACQ-20251027-MRI-016,20251027_121652_jrc251027_m14_0423_jrc251027_m14_0423_1_1/3,/raw/DICOM/2025/2025-10/ACQ-20251027-MRI-016/
ACQ-20251027-MRI-017,20251027_121652_jrc251027_m14_0423_jrc251027_m14_0423_1_1/5,/raw/DICOM/2025/2025-10/ACQ-20251027-MRI-017/
ACQ-20251027-MRI-018,20251027_121652_jrc251027_m14_0423_jrc251027_m14_0423_1_1/6,/raw/DICOM/2025/2025-10/ACQ-20251027-MRI-018/
ACQ-20251027-MRI-019,20251027_121652_jrc251027_m14_0423_jrc251027_m14_0423_1_1/7,/raw/DICOM/2025/2025-10/ACQ-20251027-MRI-019/
ACQ-20251027-MRI-020,20251027_121652_jrc251027_m14_0423_jrc251027_m14_0423_1_1/8,/raw/DICOM/2025/2025-10/ACQ-20251027-MRI-020/
ACQ-20251027-MRI-021,20251027_121652_jrc251027_m14_0423_jrc251027_m14_0423_1_1/9,/raw/DICOM/2025/2025-10/ACQ-20251027-MRI-021/
ACQ-20260325-MRI-001,20260325_094935_jrc260325_m29_0423_jrc260325_m29_0423_1_1/12,/raw/DICOM/2026/2026-03/ACQ-20260325-MRI-001/
ACQ-20260325-MRI-002,20260325_094935_jrc260325_m29_0423_jrc260325_m29_0423_1_1/13,/raw/DICOM/2026/2026-03/ACQ-20260325-MRI-002/
ACQ-20260325-MRI-003,20260325_094935_jrc260325_m29_0423_jrc260325_m29_0423_1_1/14,/raw/DICOM/2026/2026-03/ACQ-20260325-MRI-003/
ACQ-20260325-MRI-004,20260325_094935_jrc260325_m29_0423_jrc260325_m29_0423_1_1/15,/raw/DICOM/2026/2026-03/ACQ-20260325-MRI-004/
ACQ-20260325-MRI-005,20260325_094935_jrc260325_m29_0423_jrc260325_m29_0423_1_1/16,/raw/DICOM/2026/2026-03/ACQ-20260325-MRI-005/
